Id,Title,Merchant,Categories,Description,Terms,Coupon Code,URL,Status,Start Date,End Date,Offer Added At,Image URL,Campaign ID,Campaign Name
81355,Get 25% Off on all Face Products,TheManCompany,Health & Beauty,,,FACE25,https://linksredirect.com/?pub_id=41826&url=https://www.themancompany.com/,live,2020-08-31,2020-12-31,31/08/2020,https://cdn0.cuelinks.com/campaigns/2514/original/The-Man-Company.png?1489068747,2514,TheManCompany
81356,Get 25% Off on all Body Products,TheManCompany,Health & Beauty,,,BODY25,https://linksredirect.com/?pub_id=41826&url=https://www.themancompany.com/,live,2020-08-31,2020-12-31,31/08/2020,https://cdn0.cuelinks.com/campaigns/2514/original/The-Man-Company.png?1489068747,2514,TheManCompany
81654,Get 25% Off on all Face Products,TheManCompany,Health & Beauty,,,FACE25,https://linksredirect.com/?pub_id=41826&url=https://www.themancompany.com/,live,2020-10-07,2020-12-31,07/10/2020,https://cdn0.cuelinks.com/campaigns/2514/original/The-Man-Company.png?1489068747,2514,TheManCompany
81655,Get 25% Off on all Body Products,TheManCompany,Health & Beauty,,,BODY25,https://linksredirect.com/?pub_id=41826&url=https://www.themancompany.com/,live,2020-10-07,2020-12-31,07/10/2020,https://cdn0.cuelinks.com/campaigns/2514/original/The-Man-Company.png?1489068747,2514,TheManCompany
81656,Get 25% Off on Body Perfume Trio,TheManCompany,Health & Beauty,,,TRIO25,https://linksredirect.com/?pub_id=41826&url=https://www.themancompany.com/,live,2020-10-07,2020-12-31,07/10/2020,https://cdn0.cuelinks.com/campaigns/2514/original/The-Man-Company.png?1489068747,2514,TheManCompany
81657,Get Rs.300 off entire order| Minimum purchase of Rs.3500 and Above,Gonoise,Electronics,,,GOSPORT,https://linksredirect.com/?pub_id=41826&url=https://www.gonoise.com/,live,2020-10-07,2020-12-31,07/10/2020,https://cdn0.cuelinks.com/campaigns/3278/original/noice.png?1587992359,3278,Gonoise
81658,Get Rs.300 off entire order| Minimum purchase of Rs.3500 and Above,Gonoise,Electronics,,,RUSH300,https://linksredirect.com/?pub_id=41826&url=https://www.gonoise.com/,live,2020-10-07,2020-12-31,07/10/2020,https://cdn0.cuelinks.com/campaigns/3278/original/noice.png?1587992359,3278,Gonoise
81659,Get Rs.400 OFF on minimum cart value Rs.4500 and Above,Gonoise,Electronics,,,XOXO400,https://linksredirect.com/?pub_id=41826&url=https://www.gonoise.com/,live,2020-10-07,2020-12-31,07/10/2020,https://cdn0.cuelinks.com/campaigns/3278/original/noice.png?1587992359,3278,Gonoise
82643,Get Flat 10% OFF on First Purchase,Kalki Fashion,Fashion,,,WELCOME10,https://linksredirect.com/?pub_id=41826&url=https://www.kalkifashion.com/,live,2020-12-04,2020-12-31,04/12/2020,https://cdn0.cuelinks.com/campaigns/3492/original/KalkiFashion.png?1517566951,3492,Kalki Fashion
82644,Get Flat 30% OFF and above on Kalki Fashion,Kalki Fashion,Fashion,,,,https://linksredirect.com/?pub_id=41826&url=https://www.kalkifashion.com/ethnic/sale-30-and-above.html,live,2020-12-04,2020-12-31,04/12/2020,https://cdn0.cuelinks.com/campaigns/3492/original/KalkiFashion.png?1517566951,3492,Kalki Fashion
82645,Enjoy Instant 10% discount on Ethnic Festive Collection,Kalki Fashion,Fashion,,,,https://linksredirect.com/?pub_id=41826&url=https://www.kalkifashion.com/ethnic/festive-sale.html,live,2020-12-04,2020-12-31,04/12/2020,https://cdn0.cuelinks.com/campaigns/3492/original/KalkiFashion.png?1517566951,3492,Kalki Fashion
83375,Get flat 68% off on 2 year Plan + 3 Months Free on Nord VPN,NordVPN,Others,,,,https://linksredirect.com/?pub_id=41826&url=https://nordvpn.com/,live,2020-12-28,2020-12-31,28/12/2020,https://cdn0.cuelinks.com/campaigns/3549/original/nord.png?1522062690,3549,NordVPN
83376,Get flat 58% off on 1 year Plan on Nord VPN,NordVPN,Others,,,,https://linksredirect.com/?pub_id=41826&url=https://nordvpn.com/,live,2020-12-28,2020-12-31,28/12/2020,https://cdn0.cuelinks.com/campaigns/3549/original/nord.png?1522062690,3549,NordVPN
83377,Buy 1 and Get 50% off on Signature Collection,Bodybuilding,Health & Beauty,,,,https://linksredirect.com/?pub_id=41826&url=https://www.bodybuilding.com/store/bodybuilding.html,live,2020-12-28,2020-12-31,28/12/2020,https://cdn0.cuelinks.com/campaigns/3911/original/Bodybuilding.png?1572874867,3911,Bodybuilding
83378,Get upto 75% off on Cellucor Pre-workouts and BCAA,Bodybuilding,Health & Beauty,,,,https://linksredirect.com/?pub_id=41826&url=https://shared-search.bodybuilding.com/slp/full?context=all&query=cellucor,live,2020-12-28,2020-12-31,28/12/2020,https://cdn0.cuelinks.com/campaigns/3911/original/Bodybuilding.png?1572874867,3911,Bodybuilding
83379,Buy 1 and Get 1 free on Optimum Nutrition and Isopure Collection,Bodybuilding,Health & Beauty,,,,https://linksredirect.com/?pub_id=41826&url=https://shared-search.bodybuilding.com/slp/full?context=all&query=optimum+nutrition%2C+bsn%2C+isopure,live,2020-12-28,2020-12-31,28/12/2020,https://cdn0.cuelinks.com/campaigns/3911/original/Bodybuilding.png?1572874867,3911,Bodybuilding
83380,Get Upto 55% off on Web Hosting,HostGator,Others,,,HGI20XMAS,https://linksredirect.com/?pub_id=41826&url=https://www.hostgator.in/,live,2020-12-28,2020-12-30,28/12/2020,https://cdn0.cuelinks.com/campaigns/2856/original/Hostgator_logo.png?1477199383,2856,Hostgator India
83381,Get a FREE G Suite account on purchase of shared and cloud hosting plans,HostGator,Others,,,HGI20NEONGS,https://linksredirect.com/?pub_id=41826&url=https://www.hostgator.in/,live,2020-12-28,2020-12-30,28/12/2020,https://cdn0.cuelinks.com/campaigns/2856/original/Hostgator_logo.png?1477199383,2856,Hostgator India
83382,Get upto 40% Off On Cloud Hosting,HostGator,Others,,,HGI20XMAS,https://linksredirect.com/?pub_id=41826&url=https://www.hostgator.in/,live,2020-12-28,2020-12-30,28/12/2020,https://cdn0.cuelinks.com/campaigns/2856/original/Hostgator_logo.png?1477199383,2856,Hostgator India
83383,Get Min 80% off Store,Ajio,Fashion,,,,https://linksredirect.com/?pub_id=41826&url=https://www.ajio.com/s/min-80-percent-off-4188-46941,live,2020-12-28,2020-12-31,28/12/2020,https://cdn0.cuelinks.com/campaigns/2589/original/Ajio.png?1516080211,2589,Ajio
83384,Get Min 70% off Store,Ajio,Fashion,,,,https://linksredirect.com/?pub_id=41826&url=https://www.ajio.com/s/min-70-percent-off-4188-46941,live,2020-12-28,2020-12-31,28/12/2020,https://cdn0.cuelinks.com/campaigns/2589/original/Ajio.png?1516080211,2589,Ajio
83385,Get Min 60% off Store,Ajio,Fashion,,,,https://linksredirect.com/?pub_id=41826&url=https://www.ajio.com/s/min-60-percent-off-4188-46941,live,2020-12-28,2020-12-31,28/12/2020,https://cdn0.cuelinks.com/campaigns/2589/original/Ajio.png?1516080211,2589,Ajio
83386,Under Rs.399 Store,Ajio,Fashion,,,,https://linksredirect.com/?pub_id=41826&url=https://www.ajio.com/s/under-rs-399-4188-46941,live,2020-12-28,2020-12-31,28/12/2020,https://cdn0.cuelinks.com/campaigns/2589/original/Ajio.png?1516080211,2589,Ajio
83387,Under Rs.599 Store,Ajio,Fashion,,,,https://linksredirect.com/?pub_id=41826&url=https://www.ajio.com/s/mhp-under-rs-599-4005-54651,live,2020-12-28,2020-12-31,28/12/2020,https://cdn0.cuelinks.com/campaigns/2589/original/Ajio.png?1516080211,2589,Ajio
83388,Under Rs.799 Store,Ajio,Fashion,,,,https://linksredirect.com/?pub_id=41826&url=https://www.ajio.com/s/mhp-under-rs-799-4005-54651,live,2020-12-28,2020-12-31,28/12/2020,https://cdn0.cuelinks.com/campaigns/2589/original/Ajio.png?1516080211,2589,Ajio
82614,Sale on Mobile Accessories,Amazon India,Electronics,,,,https://linksredirect.com/?pub_id=41826&url=https://www.amazon.in/s?k=Mobile+Accessories&ref=nb_sb_noss_2,live,2020-12-04,2020-12-31,04/12/2020,https://cdn0.cuelinks.com/campaigns/817/original/Amazon.in__Online_Shopping_for_Books__Kindle_E_Readers__Kindle_accessories__E_Books_and_Movies___TV.png?1371175177,817,Amazon India
82615,Sale on Beauty & Personal care Products,Amazon India,Health & Beauty,,,,https://linksredirect.com/?pub_id=41826&url=https://www.amazon.in/s?k=Beauty+%26+Personal+care&ref=nb_sb_noss,live,2020-12-04,2020-12-31,04/12/2020,https://cdn0.cuelinks.com/campaigns/817/original/Amazon.in__Online_Shopping_for_Books__Kindle_E_Readers__Kindle_accessories__E_Books_and_Movies___TV.png?1371175177,817,Amazon India
82616,Get upto 60% off Women Western Wear,Amazon India,Fashion,,,,https://linksredirect.com/?pub_id=41826&url=https://www.amazon.in/b/ref=app_gw_feb20?node=11400137031&pf_rd_r=DMFS0HKEN6VQAYZDVJDN&pf_rd_p=311f1535-5c3f-42e7-85cb-550b41911b85&pd_rd_r=4f185891-414a-4089-97f8-8d21e448a6ff&pd_rd_w=zZSSz&pd_rd_wg=reFus&ref_=pd_gw_unk,live,2020-12-04,2020-12-31,04/12/2020,https://cdn0.cuelinks.com/campaigns/817/original/Amazon.in__Online_Shopping_for_Books__Kindle_E_Readers__Kindle_accessories__E_Books_and_Movies___TV.png?1371175177,817,Amazon India
82617,Get upto 60% off Women Footwear,Amazon India,Fashion,,,,https://linksredirect.com/?pub_id=41826&url=https://www.amazon.in/b/ref=ssh_gw_feb20?node=1983578031&pf_rd_r=DMFS0HKEN6VQAYZDVJDN&pf_rd_p=311f1535-5c3f-42e7-85cb-550b41911b85&pd_rd_r=4f185891-414a-4089-97f8-8d21e448a6ff&pd_rd_w=zZSSz&pd_rd_wg=reFus&ref_=pd_gw_unk,live,2020-12-04,2020-12-31,04/12/2020,https://cdn0.cuelinks.com/campaigns/817/original/Amazon.in__Online_Shopping_for_Books__Kindle_E_Readers__Kindle_accessories__E_Books_and_Movies___TV.png?1371175177,817,Amazon India
82618,Sale on Baby Care Products,Flipkart,Baby & Kids,,,,https://linksredirect.com/?pub_id=41826&url=https://www.flipkart.com/search?q=Baby%20Care&otracker=search&otracker1=search&marketplace=FLIPKART&as-show=on&as=off,live,2020-12-04,2020-12-31,04/12/2020,https://cdn0.cuelinks.com/campaigns/1/original/Flipkart_logo.jpg?1433139772,1,Flipkart
82619,Sale on Kitchen Appliances,Flipkart,Home & Kitchen,,,,https://linksredirect.com/?pub_id=41826&url=https://www.flipkart.com/search?q=Kitchen&otracker=search&otracker1=search&marketplace=FLIPKART&as-show=on&as=off,live,2020-12-04,2020-12-31,04/12/2020,https://cdn0.cuelinks.com/campaigns/1/original/Flipkart_logo.jpg?1433139772,1,Flipkart
82620,Sale on Best Selling Power banks,Flipkart,Electronics,,,,https://linksredirect.com/?pub_id=41826&url=https://www.flipkart.com/search?q=Power%20bank&otracker=search&otracker1=search&marketplace=FLIPKART&as-show=on&as=off,live,2020-12-04,2020-12-31,04/12/2020,https://cdn0.cuelinks.com/campaigns/1/original/Flipkart_logo.jpg?1433139772,1,Flipkart
82622,Get Flat 60% OFF on Adidas Footwears,Adidas,Fashion,,,,https://linksredirect.com/?pub_id=41826&url=https://shop.adidas.co.in/#category/Pag-60/No-0/0/All/maxDiscountPercent_d:[60%2060],live,2020-12-04,2020-12-31,04/12/2020,https://cdn0.cuelinks.com/campaigns/2191/original/Adidas_%282%29.png?1493896535,2191,Adidas
82623,Enjoy Flat 50% OFF on Adidas,Adidas,Fashion,,,,https://linksredirect.com/?pub_id=41826&url=https://shop.adidas.co.in/#category/Pag-60/No-0/0/All/maxDiscountPercent_d:[50%2050],live,2020-12-04,2020-12-31,04/12/2020,https://cdn0.cuelinks.com/campaigns/2191/original/Adidas_%282%29.png?1493896535,2191,Adidas
82627,Get Upto 40% OFF on Fossil Men's Smart watches,Fossil,Fashion,,,,https://linksredirect.com/?pub_id=41826&url=https://www.fossil.com/en-in/sale/mens-sale/smartwatches/,live,2020-12-04,2020-12-31,04/12/2020,https://cdn0.cuelinks.com/campaigns/3880/original/Fossil.png?1567762651,3880,Fossil
82628,Get upto 40% OFF on Fossil Women's Smartwatches,Fossil,Fashion,,,,https://linksredirect.com/?pub_id=41826&url=https://www.fossil.com/en-in/sale/womens-sale/smartwatches/,live,2020-12-04,2020-12-31,04/12/2020,https://cdn0.cuelinks.com/campaigns/3880/original/Fossil.png?1567762651,3880,Fossil
82632,Get Flat 18% OFF on orders above INR 999 on PharmEasy,PharmEasy - Healthcare,Health & Beauty,,Offer is valid on new users,VG18,https://linksredirect.com/?pub_id=41826&url=https://pharmeasy.in/,live,2020-12-04,2020-12-31,04/12/2020,https://cdn0.cuelinks.com/campaigns/3522/original/pharmeasy.png?1520335659,3522,Pharmeasy
82656,Grab FREE Green Tea Minis(Facewash + Night Gel) on all orders above INR 799,Plum Goodness,Health & Beauty,,,,https://linksredirect.com/?pub_id=41826&url=https://plumgoodness.com/,live,2020-12-08,2020-12-31,08/12/2020,https://cdn0.cuelinks.com/campaigns/4098/original/Plam.png?1593693725,4098,Plum Goodness
82659,Get Flat 15% OFF on min order of INR 1299,Jiva Ayurveda,Health & Beauty,,,JIVAOND15,https://linksredirect.com/?pub_id=41826&url=https://store.jiva.com/,live,2020-12-08,2020-12-31,08/12/2020,https://cdn0.cuelinks.com/campaigns/3953/original/Jiva_Aurveda.png?1579176383,3953,Jiva Ayurveda
82660,Get Flat 12% OFF on min order of INR 799,Jiva Ayurveda,Health & Beauty,,,JIVAOND12,https://linksredirect.com/?pub_id=41826&url=https://store.jiva.com/,live,2020-12-08,2020-12-31,08/12/2020,https://cdn0.cuelinks.com/campaigns/3953/original/Jiva_Aurveda.png?1579176383,3953,Jiva Ayurveda
82664,Get 10 piece Best seller Gift box at INR 1000,Kama Ayurveda,Health & Beauty,,,,https://linksredirect.com/?pub_id=41826&url=https://www.kamaayurveda.com/10-piece-bestseller-gift-box.html,live,2020-12-08,2020-12-31,08/12/2020,https://cdn0.cuelinks.com/campaigns/4161/original/Kama.png?1597754829,4161,Kama Ayurveda
82665,Get Round the clock Skincare Gift Box at INR 1050,Kama Ayurveda,Health & Beauty,,,,https://linksredirect.com/?pub_id=41826&url=https://www.kamaayurveda.com/round-the-clock-skincare-gift-box.html,live,2020-12-08,2020-12-31,08/12/2020,https://cdn0.cuelinks.com/campaigns/4161/original/Kama.png?1597754829,4161,Kama Ayurveda
82666,Buy Pure Mist Box at INR 850,Kama Ayurveda,Health & Beauty,,,,https://linksredirect.com/?pub_id=41826&url=https://www.kamaayurveda.com/pure-mist-box.html,live,2020-12-08,2020-12-31,08/12/2020,https://cdn0.cuelinks.com/campaigns/4161/original/Kama.png?1597754829,4161,Kama Ayurveda
82667,Get Flat INR 200 OFF on purchase of INR 1499,Boddess,Health & Beauty,,,BOD200,https://linksredirect.com/?pub_id=41826&url=https://www.boddess.com/,live,2020-12-08,2020-12-31,08/12/2020,https://cdn0.cuelinks.com/campaigns/4116/original/boddes.png?1594902862,4116,Boddess
82668,Get Flat 10% on purchase of INR 999,Boddess,Health & Beauty,,,,https://linksredirect.com/?pub_id=41826&url=https://www.boddess.com/,live,2020-12-08,2020-12-31,08/12/2020,https://cdn0.cuelinks.com/campaigns/4116/original/boddes.png?1594902862,4116,Boddess
82669,Get Flat 15% OFF on purchase of INR 1499,Boddess,Health & Beauty,,,,https://linksredirect.com/?pub_id=41826&url=https://www.boddess.com/,live,2020-12-08,2020-12-31,08/12/2020,https://cdn0.cuelinks.com/campaigns/4116/original/boddes.png?1594902862,4116,Boddess
82670,Get Flat 20% OFF on purchase of INR 1999,Boddess,Health & Beauty,,,,https://linksredirect.com/?pub_id=41826&url=https://www.boddess.com/,live,2020-12-08,2020-12-31,08/12/2020,https://cdn0.cuelinks.com/campaigns/4116/original/boddes.png?1594902862,4116,Boddess
82671,Buy Best of Beauty Products under INR 499,Boddess,Health & Beauty,,,,https://linksredirect.com/?pub_id=41826&url=https://www.boddess.com/the-best-of-beauty-under-rs-499.html?product_list_order=position,live,2020-12-08,2020-12-31,08/12/2020,https://cdn0.cuelinks.com/campaigns/4116/original/boddes.png?1594902862,4116,Boddess
82672,Get Upto 60% OFF on make up Tools and Make up Kits,Boddess,Health & Beauty,,,,https://linksredirect.com/?pub_id=41826&url=https://www.boddess.com/shop/tools-accessories.html?product_list_order=saving&product_list_dir=desc,live,2020-12-08,2020-12-31,08/12/2020,https://cdn0.cuelinks.com/campaigns/4116/original/boddes.png?1594902862,4116,Boddess
82673,Buy Beauty Kits and Combos upto 60% OFF,Boddess,Health & Beauty,,,,https://linksredirect.com/?pub_id=41826&url=https://www.boddess.com/shop/gifts/view-all-gifts.html?product_list_order=position,live,2020-12-08,2020-12-31,08/12/2020,https://cdn0.cuelinks.com/campaigns/4116/original/boddes.png?1594902862,4116,Boddess
82674,Get Flat INR 300 cashback on purchase of INR 1500,Happily Unmarried,Health & Beauty,,,,https://linksredirect.com/?pub_id=41826&url=https://www.ustraa.com/,live,2020-12-08,2020-12-31,08/12/2020,https://cdn0.cuelinks.com/campaigns/2067/original/happily-unmarried.png?1548161606,2067,Happily Unmarried
82675,Get Flat 30% OFF on Monthly Essential Kits,Happily Unmarried,Health & Beauty,,,,https://linksredirect.com/?pub_id=41826&url=https://www.ustraa.com/monthly-essential-kit-1/p,live,2020-12-08,2020-12-31,08/12/2020,https://cdn0.cuelinks.com/campaigns/2067/original/happily-unmarried.png?1548161606,2067,Happily Unmarried
82676,Buy Super Detan Dry Skin Combo upto 30% OFF,Happily Unmarried,Health & Beauty,,,,https://linksredirect.com/?pub_id=41826&url=https://www.ustraa.com/super-de-tan-dry-skin/p,live,2020-12-08,2020-12-31,08/12/2020,https://cdn0.cuelinks.com/campaigns/2067/original/happily-unmarried.png?1548161606,2067,Happily Unmarried
82677,Get Flat 50% OFF on Tatto fragrance Buddle,Happily Unmarried,Health & Beauty,,,,https://linksredirect.com/?pub_id=41826&url=https://www.ustraa.com/fragrance-bundle-tattoo/p,live,2020-12-08,2020-12-31,08/12/2020,https://cdn0.cuelinks.com/campaigns/2067/original/happily-unmarried.png?1548161606,2067,Happily Unmarried
82678,Get Flat 25% OFF on Hair Growth Cream and Anti Hair fall Shampoo,Happily Unmarried,Health & Beauty,,,,https://linksredirect.com/?pub_id=41826&url=https://www.ustraa.com/hair-growth-cream-anti-hair-fall-shampoo/p,live,2020-12-08,2020-12-31,08/12/2020,https://cdn0.cuelinks.com/campaigns/2067/original/happily-unmarried.png?1548161606,2067,Happily Unmarried
82679,Get Flat 20% OFF on Ustraa Hair Growth Kit,Happily Unmarried,Health & Beauty,,,,https://linksredirect.com/?pub_id=41826&url=https://www.ustraa.com/ustraa-hair-growth-kit/p,live,2020-12-08,2020-12-31,08/12/2020,https://cdn0.cuelinks.com/campaigns/2067/original/happily-unmarried.png?1548161606,2067,Happily Unmarried
82680,Grab 20% OFF on Ustraa Chrome Lithium Beard Trimmer,Happily Unmarried,Health & Beauty,,,,https://linksredirect.com/?pub_id=41826&url=https://www.ustraa.com/ustraa-chrome-lithium-powered-beard-trimmer/p,live,2020-12-08,2020-12-31,08/12/2020,https://cdn0.cuelinks.com/campaigns/2067/original/happily-unmarried.png?1548161606,2067,Happily Unmarried
82681,Get Flat INR 100 off on orders above INR 199 on first purchase,Nurserylive,Others,,,OMG100,https://linksredirect.com/?pub_id=41826&url=https://nurserylive.com/,live,2020-12-08,2020-12-31,08/12/2020,https://cdn0.cuelinks.com/campaigns/3830/original/NurseryLive.png?1559906987,3830,Nursery Live
82682,Get flat 15% off on Nursery live,Nurserylive,Others,,,OMG15,https://linksredirect.com/?pub_id=41826&url=https://nurserylive.com/,live,2020-12-08,2020-12-31,08/12/2020,https://cdn0.cuelinks.com/campaigns/3830/original/NurseryLive.png?1559906987,3830,Nursery Live
82683,Get flat INR 300 off on orders above INR 999 for New user,Nurserylive,Others,,,OMG300,https://linksredirect.com/?pub_id=41826&url=https://nurserylive.com/,live,2020-12-08,2020-12-31,08/12/2020,https://cdn0.cuelinks.com/campaigns/3830/original/NurseryLive.png?1559906987,3830,Nursery Live
82684,Get flat INR 150 off on orders above INR 449 for New User,Nurserylive,Others,,,OMG150,https://linksredirect.com/?pub_id=41826&url=https://nurserylive.com/,live,2020-12-08,2020-12-31,08/12/2020,https://cdn0.cuelinks.com/campaigns/3830/original/NurseryLive.png?1559906987,3830,Nursery Live
82685,Buy 1 Get 1 on All Seeds,Nurserylive,Others,,,BOGOSEEDS,https://linksredirect.com/?pub_id=41826&url=https://nurserylive.com/,live,2020-12-08,2020-12-31,08/12/2020,https://cdn0.cuelinks.com/campaigns/3830/original/NurseryLive.png?1559906987,3830,Nursery Live
82686,Get Free Syngonium On Order Above Rs 549 for New User,Nurserylive,Others,,,OMGSNG,https://linksredirect.com/?pub_id=41826&url=https://nurserylive.com/,live,2020-12-08,2020-12-31,08/12/2020,https://cdn0.cuelinks.com/campaigns/3830/original/NurseryLive.png?1559906987,3830,Nursery Live
82687,Buy 2 Plants and Get 1 Plant free,Nurserylive,Others,,,BTGOPLANT,https://linksredirect.com/?pub_id=41826&url=https://nurserylive.com/,live,2020-12-08,2020-12-31,08/12/2020,https://cdn0.cuelinks.com/campaigns/3830/original/NurseryLive.png?1559906987,3830,Nursery Live
82688,Buy 4 Plants and Get 2 Plants free,Nurserylive,Others,,,BFGTPLANT,https://linksredirect.com/?pub_id=41826&url=https://nurserylive.com/,live,2020-12-08,2020-12-31,08/12/2020,https://cdn0.cuelinks.com/campaigns/3830/original/NurseryLive.png?1559906987,3830,Nursery Live
82689,Flat INR 100 off on Christmas Gifts Plant Collection On Order Above 499,Nurserylive,Others,,,OMGCHRIST,https://linksredirect.com/?pub_id=41826&url=https://nurserylive.com/,live,2020-12-08,2020-12-31,08/12/2020,https://cdn0.cuelinks.com/campaigns/3830/original/NurseryLive.png?1559906987,3830,Nursery Live
82690,Enjoy Free shipping on orders above INR 399,Nurserylive,Others,,,FREESHIP,https://linksredirect.com/?pub_id=41826&url=https://nurserylive.com/,live,2020-12-08,2020-12-31,08/12/2020,https://cdn0.cuelinks.com/campaigns/3830/original/NurseryLive.png?1559906987,3830,Nursery Live
82692,Get Complimentary Jade Roller free on purchase of INR 1500,Lotus Organics,Health & Beauty,,,,https://linksredirect.com/?pub_id=41826&url=https://www.lotus-organics.com/,live,2020-12-10,2020-12-31,10/12/2020,https://cdn0.cuelinks.com/campaigns/4235/original/New_Project_%2853%29_%281%29.png?1604053350,4235,Lotus Organics
82693,Get Additional 5% off on all Prepaid Orders,Lotus Organics,Health & Beauty,,,,https://linksredirect.com/?pub_id=41826&url=https://www.lotus-organics.com/,live,2020-12-10,2020-12-31,10/12/2020,https://cdn0.cuelinks.com/campaigns/4235/original/New_Project_%2853%29_%281%29.png?1604053350,4235,Lotus Organics
82695,Buy Pack of 5 sanitizer at INR 500,Super Smelly,Health & Beauty,,,,https://linksredirect.com/?pub_id=41826&url=https://supersmelly.in/product/hand-sanitizer-pack-of-5/,live,2020-12-10,2020-12-31,10/12/2020,https://cdn0.cuelinks.com/campaigns/4121/original/Supre_Smailly.png?1595318743,4121,Super Smelly
82697,Enjoy 30% off on Arata Essential Morning Regime Festive Gift Box,Arata,Health & Beauty,,,,https://linksredirect.com/?pub_id=41826&url=https://www.arata.in/products/essential-morning-regime-festive-gift-box-large,live,2020-12-10,2020-12-31,10/12/2020,https://cdn0.cuelinks.com/campaigns/3891/original/Arata.png?1568799265,3891,Arata
82698,Get flat 20% off on Arata Face Masque,Arata,Health & Beauty,,,,https://linksredirect.com/?pub_id=41826&url=https://www.arata.in/products/arata-face-masque,live,2020-12-10,2020-12-31,10/12/2020,https://cdn0.cuelinks.com/campaigns/3891/original/Arata.png?1568799265,3891,Arata
82699,Get flat 30% off on Wordpress Hosting,BigRock,Others,,,HOSTYOURSITE30,https://linksredirect.com/?pub_id=41826&url=https://www.bigrock.in/,live,2020-12-10,2020-12-31,10/12/2020,https://cdn0.cuelinks.com/campaigns/18/original/Big-Rock.png?1493898273,18,BigRock
82700,Flat 28% off on Web Hosting,BigRock,Others,,,HOSTAFF,https://linksredirect.com/?pub_id=41826&url=https://www.bigrock.in/,live,2020-12-10,2020-12-31,10/12/2020,https://cdn0.cuelinks.com/campaigns/18/original/Big-Rock.png?1493898273,18,BigRock
82701,Get .com domain at INR 149 for the first year,BigRock,Others,,,2YRCOMAFF,https://linksredirect.com/?pub_id=41826&url=https://www.bigrock.in/,live,2020-12-10,2020-12-31,10/12/2020,https://cdn0.cuelinks.com/campaigns/18/original/Big-Rock.png?1493898273,18,BigRock
82702,Flat 10% off on SSL Certificates,BigRock,Others,,,AFFSECURE20,https://linksredirect.com/?pub_id=41826&url=https://www.bigrock.in/,live,2020-12-10,2020-12-31,10/12/2020,https://cdn0.cuelinks.com/campaigns/18/original/Big-Rock.png?1493898273,18,BigRock
82703,Get .COM AT INR 399 FOR 1 YEAR,BigRock,Others,,,COMAFF,https://linksredirect.com/?pub_id=41826&url=https://www.bigrock.in/,live,2020-12-10,2020-12-31,10/12/2020,https://cdn0.cuelinks.com/campaigns/18/original/Big-Rock.png?1493898273,18,BigRock
82704,"PARE Genuine Leather Brown Jacket for Men's (Size : XS to 2XL,Color : Brown )Rs.6999",PayTM Mall,Fashion,,,,https://linksredirect.com/?pub_id=41826&url=https://paytmmall.com/pare-men-leather-slim-fit-jacket-brown-APPPARE-GENUINEPARE1064240A32242CF-pdp,live,2020-12-10,2020-12-31,10/12/2020,https://cdn0.cuelinks.com/campaigns/3136/original/paymall.png?1493720209,3136,PayTM Mall
82705,"PARE Genuine Leather Brown Jacket for Men's (Size : XS to 2XL,Color : Brown )Rs.6999",PayTM Mall,Fashion,,,,https://linksredirect.com/?pub_id=41826&url=https://paytmmall.com/pare-men-leather-slim-fit-jacket-brown-APPPARE-GENUINEPARE1064240DD550CB9-pdp,live,2020-12-10,2020-12-31,10/12/2020,https://cdn0.cuelinks.com/campaigns/3136/original/paymall.png?1493720209,3136,PayTM Mall
82706,PARE 100% Genuine Leather Brown Jacket for Men'sRs.6999,PayTM Mall,Fashion,,,,https://linksredirect.com/?pub_id=41826&url=https://paytmmall.com/pare-men-leather-slim-fit-jacket-brown-APPPARE-100-GENPARE1064240AA2914B2-pdp,live,2020-12-10,2020-12-31,10/12/2020,https://cdn0.cuelinks.com/campaigns/3136/original/paymall.png?1493720209,3136,PayTM Mall
82707,"PARE Genuine Leather Maroon Jacket for Men's (Size : XS to 2XL,Color : Maroon)Rs.6999",PayTM Mall,Fashion,,,,https://linksredirect.com/?pub_id=41826&url=https://paytmmall.com/pare-men-leather-jacket-maroon-APPPARE-GENUINEPARE1064240121363E5-pdp,live,2020-12-10,2020-12-31,10/12/2020,https://cdn0.cuelinks.com/campaigns/3136/original/paymall.png?1493720209,3136,PayTM Mall
82708,PARE 100% Genuine Leather Brown Jacket for Men'sRs.6999,PayTM Mall,Fashion,,,,https://linksredirect.com/?pub_id=41826&url=https://paytmmall.com/pare-men-leather-slim-fit-jacket-brown-APPPARE-100-GENPARE1064240227B815-pdp,live,2020-12-10,2020-12-31,10/12/2020,https://cdn0.cuelinks.com/campaigns/3136/original/paymall.png?1493720209,3136,PayTM Mall
82709,PARE Men Black Solid Leather jacketRs.6899,PayTM Mall,Fashion,,,,https://linksredirect.com/?pub_id=41826&url=https://paytmmall.com/pare-men-leather-jacket-black-APPPARE-GENUINEPARE10642406972F530-pdp,live,2020-12-10,2020-12-31,10/12/2020,https://cdn0.cuelinks.com/campaigns/3136/original/paymall.png?1493720209,3136,PayTM Mall
82710,Mahotsav saree lehnga Choli Blue Art SilkRs.6565,PayTM Mall,Fashion,,,,https://linksredirect.com/?pub_id=41826&url=https://paytmmall.com/mahotsav-saree-lehnga-choli-blue-art-silk-APPMAHOTSAV-SARMAHO659392E61D0733-pdp,live,2020-12-10,2020-12-31,10/12/2020,https://cdn0.cuelinks.com/campaigns/3136/original/paymall.png?1493720209,3136,PayTM Mall
82711,Monte Carlo Men Multi Colorblocked Bomber jacketRs.4690,PayTM Mall,Fashion,,,,https://linksredirect.com/?pub_id=41826&url=https://paytmmall.com/monte-carlo-men-multi-colorblocked-bomber-jacket-APPMONTE-CARLO-MONT79213C180D843-pdp,live,2020-12-10,2020-12-31,10/12/2020,https://cdn0.cuelinks.com/campaigns/3136/original/paymall.png?1493720209,3136,PayTM Mall
82712,Allen Solly Navy JacketRs.4400,PayTM Mall,Fashion,,,,https://linksredirect.com/?pub_id=41826&url=https://paytmmall.com/allen-solly-men-blended-jacket-blue-APPALLEN-SOLLY-ADIT5099694070666-pdp,live,2020-12-10,2020-12-31,10/12/2020,https://cdn0.cuelinks.com/campaigns/3136/original/paymall.png?1493720209,3136,PayTM Mall
82713,Monte Carlo Cotton Solid Navy Blue Color Regular Jacket For WomenRs.4290,PayTM Mall,Fashion,,,,https://linksredirect.com/?pub_id=41826&url=https://paytmmall.com/monte-carlo-cotton-solid-navy-blue-color-regular-jacket-for-women-APPMONTE-CARLO-MONT792139F140F4-pdp,live,2020-12-10,2020-12-31,10/12/2020,https://cdn0.cuelinks.com/campaigns/3136/original/paymall.png?1493720209,3136,PayTM Mall
82714,Monte Carlo Women Solid Regular Jacket - MustardRs.4290,PayTM Mall,Fashion,,,,https://linksredirect.com/?pub_id=41826&url=https://paytmmall.com/monte-carlo-women-solid-regular-jacket-mustard-APPMONTE-CARLO-MONT792134EE6313B-pdp,live,2020-12-10,2020-12-31,10/12/2020,https://cdn0.cuelinks.com/campaigns/3136/original/paymall.png?1493720209,3136,PayTM Mall
82715,"Desibutik Green Floral Universal Designer Saree , With blouseRs.4019",PayTM Mall,Fashion,,,,https://linksredirect.com/?pub_id=41826&url=https://paytmmall.com/desibutik-silk-universal-zari-work-saree-green-with-blouse-APPDESIBUTIK-PADESI28701722717A3-pdp,live,2020-12-10,2020-12-31,10/12/2020,https://cdn0.cuelinks.com/campaigns/3136/original/paymall.png?1493720209,3136,PayTM Mall
82716,Duke Black JacketRs.3996,PayTM Mall,Fashion,,,,https://linksredirect.com/?pub_id=41826&url=https://paytmmall.com/duke-stardust-black-jacket-APPDUKE-STARDUSE-SH34070F7BFE196-pdp,live,2020-12-10,2020-12-31,10/12/2020,https://cdn0.cuelinks.com/campaigns/3136/original/paymall.png?1493720209,3136,PayTM Mall
82717,Monte Carlo Women Solid Regular Jacket - BlackRs.3795,PayTM Mall,Fashion,,,,https://linksredirect.com/?pub_id=41826&url=https://paytmmall.com/monte-carlo-women-solid-regular-jacket-black-APPMONTE-CARLO-MONT7921358FCA33C-pdp,live,2020-12-10,2020-12-31,10/12/2020,https://cdn0.cuelinks.com/campaigns/3136/original/paymall.png?1493720209,3136,PayTM Mall
82718,Monte Carlo Women Solid Regular Jacket - BlackRs.3795,PayTM Mall,Fashion,,,,https://linksredirect.com/?pub_id=41826&url=https://paytmmall.com/monte-carlo-women-solid-regular-jacket-black-APPMONTE-CARLO-MONT792133777DBB4-pdp,live,2020-12-10,2020-12-31,10/12/2020,https://cdn0.cuelinks.com/campaigns/3136/original/paymall.png?1493720209,3136,PayTM Mall
82719,Monte Carlo Men Navy blue Geometric Bomber jacketRs.3765,PayTM Mall,Fashion,,,,https://linksredirect.com/?pub_id=41826&url=https://paytmmall.com/monte-carlo-men-navy-blue-geometric-bomber-jacket-APPMONTE-CARLO-MONT79213E1213A43-pdp,live,2020-12-10,2020-12-31,10/12/2020,https://cdn0.cuelinks.com/campaigns/3136/original/paymall.png?1493720209,3136,PayTM Mall
82720,Monte Carlo Men Navy blue Solid Bomber jacketRs.3715,PayTM Mall,Fashion,,,,https://linksredirect.com/?pub_id=41826&url=https://paytmmall.com/monte-carlo-men-navy-blue-solid-bomber-jacket-APPMONTE-CARLO-MONT792136BAA20AF-pdp,live,2020-12-10,2020-12-31,10/12/2020,https://cdn0.cuelinks.com/campaigns/3136/original/paymall.png?1493720209,3136,PayTM Mall
82721,LILL Women Cotton Printed Top and Pyjama Set - BlackRs.3599,PayTM Mall,Fashion,,,,https://linksredirect.com/?pub_id=41826&url=https://paytmmall.com/lill-women-cotton-printed-top-and-pyjama-set-black-APPLILL-WOMEN-SWHIT100633A7A9094F-pdp,live,2020-12-10,2020-12-31,10/12/2020,https://cdn0.cuelinks.com/campaigns/3136/original/paymall.png?1493720209,3136,PayTM Mall
82722,Monte Carlo Men Black Solid Bomber jacketRs.3540,PayTM Mall,Fashion,,,,https://linksredirect.com/?pub_id=41826&url=https://paytmmall.com/monte-carlo-men-black-solid-bomber-jacket-APPMONTE-CARLO-MONT7921383877044-pdp,live,2020-12-10,2020-12-31,10/12/2020,https://cdn0.cuelinks.com/campaigns/3136/original/paymall.png?1493720209,3136,PayTM Mall
82723,Monte Carlo Men Black Solid Bomber jacketRs.3540,PayTM Mall,Fashion,,,,https://linksredirect.com/?pub_id=41826&url=https://paytmmall.com/monte-carlo-men-black-solid-bomber-jacket-APPMONTE-CARLO-MONT792131857B849-pdp,live,2020-12-10,2020-12-31,10/12/2020,https://cdn0.cuelinks.com/campaigns/3136/original/paymall.png?1493720209,3136,PayTM Mall
82724,U.S. Polo Assn. Men Black Solid Leather jacketRs.3500,PayTM Mall,Fashion,,,,https://linksredirect.com/?pub_id=41826&url=https://paytmmall.com/u-s-polo-assn-denim-co-standard-fit-stand-collar-jacket-APPU-S-POLO-ASSARVI763657A0E1955C-pdp,live,2020-12-10,2020-12-31,10/12/2020,https://cdn0.cuelinks.com/campaigns/3136/original/paymall.png?1493720209,3136,PayTM Mall
82725,U.S. Polo Assn. Men Red Solid Slim fit Single Breasted BlazerRs.3500,PayTM Mall,Fashion,,,,https://linksredirect.com/?pub_id=41826&url=https://paytmmall.com/u-s-polo-assn-men-polyester-slim-fit-blazer-red-APPU-S-POLO-ASSARVI7636577E0F4827-pdp,live,2020-12-10,2020-12-31,10/12/2020,https://cdn0.cuelinks.com/campaigns/3136/original/paymall.png?1493720209,3136,PayTM Mall
82726,Hangup Blended Long Sherwani - CreamRs.3499,PayTM Mall,Fashion,,,,https://linksredirect.com/?pub_id=41826&url=https://paytmmall.com/hangup-blended-long-sherwani-cream-APPHANGUP-MENS-LEE-45074DE8E984D-pdp,live,2020-12-10,2020-12-31,10/12/2020,https://cdn0.cuelinks.com/campaigns/3136/original/paymall.png?1493720209,3136,PayTM Mall
82727,hangup mens 3 pics kurta dhoti and blazer setsRs.3499,PayTM Mall,Fashion,,,,https://linksredirect.com/?pub_id=41826&url=https://paytmmall.com/hangup-mens-3-pics-kurta-dhoti-and-blazer-sets-APPHANGUP-MENS-LEE-450743414EFBF-pdp,live,2020-12-10,2020-12-31,10/12/2020,https://cdn0.cuelinks.com/campaigns/3136/original/paymall.png?1493720209,3136,PayTM Mall
82728,Duke Men Yellow Solid Bomber jacketRs.3359,PayTM Mall,Fashion,,,,https://linksredirect.com/?pub_id=41826&url=https://paytmmall.com/duke-men-yellow-solid-bomber-jacket-yellow-APPDUKE-MEN-JACE-SH340708421702A-pdp,live,2020-12-10,2020-12-31,10/12/2020,https://cdn0.cuelinks.com/campaigns/3136/original/paymall.png?1493720209,3136,PayTM Mall
82729,U.S. Polo Assn. Men Grey Solid Slim fit Single Breasted BlazerRs.3250,PayTM Mall,Fashion,,,,https://linksredirect.com/?pub_id=41826&url=https://paytmmall.com/u-s-polo-assn-men-polyester-slim-fit-blazer-grey-APPUSPA-TAILOREARVI763657865FE992-pdp,live,2020-12-10,2020-12-31,10/12/2020,https://cdn0.cuelinks.com/campaigns/3136/original/paymall.png?1493720209,3136,PayTM Mall
82730,U.S. Polo Assn. Men Grey Solid Slim fit Single Breasted BlazerRs.3250,PayTM Mall,Fashion,,,,https://linksredirect.com/?pub_id=41826&url=https://paytmmall.com/u-s-polo-assn-men-polyester-slim-fit-blazer-grey-APPUSPA-TAILOREARVI763657AC67F0F0-pdp,live,2020-12-10,2020-12-31,10/12/2020,https://cdn0.cuelinks.com/campaigns/3136/original/paymall.png?1493720209,3136,PayTM Mall
83212,Get upto 50% off on LIFESTYLE,Myntra,Fashion,,,,https://linksredirect.com/?pub_id=41826&url=https://www.myntra.com/lifestyle?plaEnabled=false&rf=Discount%20Range%3A10.0_100.0_10.0%20TO%20100.0,live,2020-12-14,2020-12-31,14/12/2020,https://cdn0.cuelinks.com/campaigns/101/original/Myntra.png?1491896562,101,Myntra
83211,Get upto 80% off on Top Style,Myntra,Fashion,,,,https://linksredirect.com/?pub_id=41826&url=https://www.myntra.com/shop/offers-eors20,live,2020-12-14,2020-12-31,14/12/2020,https://cdn0.cuelinks.com/campaigns/101/original/Myntra.png?1491896562,101,Myntra
83208,Sale on Mobile Accessories,Amazon India,Others,,,,https://linksredirect.com/?pub_id=41826&url=https://www.amazon.in/s/ref=nb_sb_noss?url=search-alias%3Daps&field-keywords=Mobile+Accessories,live,2020-12-14,2020-12-31,14/12/2020,https://cdn0.cuelinks.com/campaigns/817/original/Amazon.in__Online_Shopping_for_Books__Kindle_E_Readers__Kindle_accessories__E_Books_and_Movies___TV.png?1371175177,817,Amazon India
83209,Sale on Office & Stationery,Amazon India,Others,,,,https://linksredirect.com/?pub_id=41826&url=https://www.amazon.in/s?k=Office+%26+Stationery&ref=nb_sb_noss,live,2020-12-14,2020-12-31,14/12/2020,https://cdn0.cuelinks.com/campaigns/817/original/Amazon.in__Online_Shopping_for_Books__Kindle_E_Readers__Kindle_accessories__E_Books_and_Movies___TV.png?1371175177,817,Amazon India
83210,Sale on Personal Care Appliances,Amazon India,Health & Beauty,,,,https://linksredirect.com/?pub_id=41826&url=https://www.amazon.in/s?k=Personal+Care+Appliances&ref=nb_sb_noss_2,live,2020-12-14,2020-12-31,14/12/2020,https://cdn0.cuelinks.com/campaigns/817/original/Amazon.in__Online_Shopping_for_Books__Kindle_E_Readers__Kindle_accessories__E_Books_and_Movies___TV.png?1371175177,817,Amazon India
83213,Buy Sarees Under Rs.999,Myntra,Fashion,,,,https://linksredirect.com/?pub_id=41826&url=https://www.myntra.com/under-999?f=Categories%3ASarees%3A%3AGender%3Amen%20women%2Cwomen,live,2020-12-14,2020-12-31,14/12/2020,https://cdn0.cuelinks.com/campaigns/101/original/Myntra.png?1491896562,101,Myntra
83214,Under Rs.399 Store,Ajio,Fashion,,,,https://linksredirect.com/?pub_id=41826&url=https://www.ajio.com/s/under-rs-399-4166-24861,live,2020-12-14,2020-12-31,14/12/2020,https://cdn0.cuelinks.com/campaigns/2589/original/Ajio.png?1516080211,2589,Ajio
83215,Get Min 80% off Store,Ajio,Fashion,,,,https://linksredirect.com/?pub_id=41826&url=https://www.ajio.com/s/min-80-percent-off-4166-24861,live,2020-12-14,2020-12-31,14/12/2020,https://cdn0.cuelinks.com/campaigns/2589/original/Ajio.png?1516080211,2589,Ajio
83216,Under Rs.799 Store,Ajio,Fashion,,,,https://linksredirect.com/?pub_id=41826&url=https://www.ajio.com/s/mhp-under-rs-799-4005-54651,live,2020-12-14,2020-12-31,14/12/2020,https://cdn0.cuelinks.com/campaigns/2589/original/Ajio.png?1516080211,2589,Ajio
83217,Buy Men Casual Shirts starting from Rs.399,BrandFactory,Fashion,,,,https://linksredirect.com/?pub_id=41826&url=https://www.brandfactoryonline.com/fashion?type=list&sort=price-low&filter_style_fq=169,live,2020-12-14,2020-12-31,14/12/2020,https://cdn0.cuelinks.com/campaigns/3881/original/BrandFactory.png?1567772670,3881,BrandFactory CPS
83218,Buy Women Dresses starting from Rs.499,BrandFactory,Fashion,,,,https://linksredirect.com/?pub_id=41826&url=https://www.brandfactoryonline.com/women's?type=list&sort=price-low&filter_style_fq=195,live,2020-12-14,2020-12-31,14/12/2020,https://cdn0.cuelinks.com/campaigns/3881/original/BrandFactory.png?1567772670,3881,BrandFactory CPS
83219,Get flat 60% off on Men Jeans,BrandFactory,Fashion,,,,https://linksredirect.com/?pub_id=41826&url=https://www.brandfactoryonline.com/fashion?type=list&sort=discount-high&filter_style_fq=176,live,2020-12-14,2020-12-31,14/12/2020,https://cdn0.cuelinks.com/campaigns/3881/original/BrandFactory.png?1567772670,3881,BrandFactory CPS
83220,Get upto 50% off + Free Shipping Store,Vmart,Fashion,,,,https://linksredirect.com/?pub_id=41826&url=https://www.vmartretail.com/besties.html?sort_by=bestsellers&sort_order=desc,live,2020-12-14,2020-12-31,14/12/2020,https://cdn0.cuelinks.com/campaigns/4253/original/New_Project_%2867%29_%281%29.png?1605867377,4253,Vmart
83221,Buy Women Casual Wear starting from Rs.99,Vmart,Fashion,,,,https://linksredirect.com/?pub_id=41826&url=https://www.vmartretail.com/plain.html?sort_by=bestsellers&sort_order=desc,live,2020-12-14,2020-12-31,14/12/2020,https://cdn0.cuelinks.com/campaigns/4253/original/New_Project_%2867%29_%281%29.png?1605867377,4253,Vmart
83222,Footwear Collection starting from Rs.149,Vmart,Fashion,,,,https://linksredirect.com/?pub_id=41826&url=https://www.vmartretail.com/footwear-men-and-women.html?sort_by=popularity&sort_order=desc,live,2020-12-14,2020-12-31,14/12/2020,https://cdn0.cuelinks.com/campaigns/4253/original/New_Project_%2867%29_%281%29.png?1605867377,4253,Vmart
83223,Get upto 44% off on Home Appliances,Vijay Sales,Electronics,,,,https://linksredirect.com/?pub_id=41826&url=https://www.vijaysales.com/bucketdetails/upto-44-off-on-home-appliances/363,live,2020-12-14,2020-12-31,14/12/2020,https://cdn0.cuelinks.com/campaigns/4164/original/Vijay_sales.png?1597990342,4164,Vijay Sales
83224,Get upto 72% off on Televisions,Vijay Sales,Electronics,,,,https://linksredirect.com/?pub_id=41826&url=https://www.vijaysales.com/bucketdetails/television-upto-72-off/186,live,2020-12-14,2020-12-31,14/12/2020,https://cdn0.cuelinks.com/campaigns/4164/original/Vijay_sales.png?1597990342,4164,Vijay Sales
83225,Under Rs.499 Store,Vijay Sales,Electronics,,,,https://linksredirect.com/?pub_id=41826&url=https://www.vijaysales.com/bucketdetails/all-under-499-store/254,live,2020-12-14,2020-12-31,14/12/2020,https://cdn0.cuelinks.com/campaigns/4164/original/Vijay_sales.png?1597990342,4164,Vijay Sales
83226,Ubtan Face Mask with Saffron & Turmeric for Skin Brightening and Tan Removal - 100g Rs.499,Mama Earth,Health & Beauty,,,,https://linksredirect.com/?pub_id=41826&url=https://mamaearth.in/product/ubtan-face-mask-for-skin-lightening-brightening,live,2020-12-14,2020-12-31,14/12/2020,https://cdn0.cuelinks.com/campaigns/3787/original/Mamaearth.png?1555390334,3787,Mama Earth
83227,Skin Illuminate Face Serum for Radiant Skin with Vitamin C & Turmeric  30 gm Rs.599,Mama Earth,Health & Beauty,,,,https://linksredirect.com/?pub_id=41826&url=https://mamaearth.in/product/skin-illuminate-face-serum-for-radiant-skin-with-vitamin-c-turmeric-30-gm,live,2020-12-14,2020-12-31,14/12/2020,https://cdn0.cuelinks.com/campaigns/3787/original/Mamaearth.png?1555390334,3787,Mama Earth
83228,"Onion Hair Oil for Hair Regrowth & Hair Fall Control, 250ml Rs.599",Mama Earth,Health & Beauty,,,,https://linksredirect.com/?pub_id=41826&url=https://mamaearth.in/product/onion-hair-oil-for-hair-regrowth-hair-fall-control-with-redensyl-250ml,live,2020-12-14,2020-12-31,14/12/2020,https://cdn0.cuelinks.com/campaigns/3787/original/Mamaearth.png?1555390334,3787,Mama Earth
83230,Get Flat 20% OFF on purchase of INR 999,Arata,Health & Beauty,,,OMG20,https://linksredirect.com/?pub_id=41826&url=https://www.arata.in/,live,2020-12-16,2020-12-31,16/12/2020,https://cdn0.cuelinks.com/campaigns/3891/original/Arata.png?1568799265,3891,Arata
83231,Get Flat 15% OFF on Arata,Arata,Health & Beauty,,,,https://linksredirect.com/?pub_id=41826&url=https://www.arata.in/,live,2020-12-16,2020-12-31,16/12/2020,https://cdn0.cuelinks.com/campaigns/3891/original/Arata.png?1568799265,3891,Arata
83232,Get Free Travel Pouch on purchase of INR 799,Arata,Health & Beauty,,,,https://linksredirect.com/?pub_id=41826&url=https://www.arata.in/,live,2020-12-16,2020-12-31,16/12/2020,https://cdn0.cuelinks.com/campaigns/3891/original/Arata.png?1568799265,3891,Arata
83236,Get FREE TELECONSULTATION with Jiva Doctor on orders above INR 899,Jiva Ayurveda,Health & Beauty,,Applicable on all Jiva Ayurveda products,,https://linksredirect.com/?pub_id=41826&url=https://store.jiva.com/,live,2020-12-16,2020-12-31,16/12/2020,https://cdn0.cuelinks.com/campaigns/3953/original/Jiva_Aurveda.png?1579176383,3953,Jiva Ayurveda
83240,Get Flat 25% OFF on Comfy Homewear,Vmart,Fashion,,,,https://linksredirect.com/?pub_id=41826&url=https://www.vmartretail.com/,live,2020-12-16,2020-12-31,16/12/2020,https://cdn0.cuelinks.com/campaigns/4253/original/New_Project_%2867%29_%281%29.png?1605867377,4253,Vmart
83241,Buy 3 & Get 20% OFF at Vmart Winter ka WOW,Vmart,Fashion,,,,https://linksredirect.com/?pub_id=41826&url=https://www.vmartretail.com/,live,2020-12-16,2020-12-31,16/12/2020,https://cdn0.cuelinks.com/campaigns/4253/original/New_Project_%2867%29_%281%29.png?1605867377,4253,Vmart
83242,Get Upto 50% OFF on all New Best Selling Styles,Vmart,Fashion,,,,https://linksredirect.com/?pub_id=41826&url=https://www.vmartretail.com/,live,2020-12-16,2020-12-31,16/12/2020,https://cdn0.cuelinks.com/campaigns/4253/original/New_Project_%2867%29_%281%29.png?1605867377,4253,Vmart
83244,Introducing Luster & Lum First of its kind beauty Supplements by GNC,Guardian IN,Health & Beauty,,,,https://linksredirect.com/?pub_id=41826&url=https://www.guardian.in/gnc-luster-and-lum,live,2020-12-16,2020-12-31,16/12/2020,https://cdn0.cuelinks.com/campaigns/3563/original/Guardian.png?1594119642,3563,Guardian
83264,Daniel Wellington Upto 25% Off,Tata Cliq,Fashion,,,,https://linksredirect.com/?pub_id=41826&url=https://www.tatacliq.com,live,2020-12-16,2020-12-31,16/12/2020,https://cdn0.cuelinks.com/campaigns/2588/original/tata.png?1495706199,2588,Tata Cliq
83265,French Connection Upto 60% Off,Tata Cliq,Fashion,,,,https://linksredirect.com/?pub_id=41826&url=https://www.tatacliq.com,live,2020-12-16,2020-12-31,16/12/2020,https://cdn0.cuelinks.com/campaigns/2588/original/tata.png?1495706199,2588,Tata Cliq
83266,Ferrari Upto 60% Off,Tata Cliq,Fashion,,,,https://linksredirect.com/?pub_id=41826&url=https://www.tatacliq.com,live,2020-12-16,2020-12-31,16/12/2020,https://cdn0.cuelinks.com/campaigns/2588/original/tata.png?1495706199,2588,Tata Cliq
83268,Get FREE Garlic BreadSticks on Dominos,Dominos,Food & Grocery,,,DOMNEW3,https://linksredirect.com/?pub_id=41826&url=https://www.dominos.co.in/,live,2020-12-18,2020-12-31,18/12/2020,https://cdn0.cuelinks.com/campaigns/39/original/Dominos.png?1489137591,39,Dominos
83269,Save Upto 40% OFF on Dominos,Dominos,Food & Grocery,,,,https://linksredirect.com/?pub_id=41826&url=https://www.dominos.co.in/,live,2020-12-18,2020-12-31,18/12/2020,https://cdn0.cuelinks.com/campaigns/39/original/Dominos.png?1489137591,39,Dominos
83272,Buy 2 & Get 1 FREE on Jiva KnockOut Offer,Jiva Ayurveda,Health & Beauty,,,,https://linksredirect.com/?pub_id=41826&url=https://store.jiva.com/categories/buy-2-get-1-free/,live,2020-12-18,2020-12-31,18/12/2020,https://cdn0.cuelinks.com/campaigns/3953/original/Jiva_Aurveda.png?1579176383,3953,Jiva Ayurveda
83273,Buy 2 - 25% OFF at Jiva KnockOut Offer,Jiva Ayurveda,Health & Beauty,,,,https://linksredirect.com/?pub_id=41826&url=https://store.jiva.com/,live,2020-12-18,2020-12-31,18/12/2020,https://cdn0.cuelinks.com/campaigns/3953/original/Jiva_Aurveda.png?1579176383,3953,Jiva Ayurveda
83274,Get Upto 50-80% OFF on Christmas Special AJIO EPICBLOW SALE,Ajio,Fashion,,,,https://linksredirect.com/?pub_id=41826&url=https://www.ajio.com/s/epic-blow-out-4181-67081,live,2020-12-18,2020-12-31,18/12/2020,https://cdn0.cuelinks.com/campaigns/2589/original/Ajio.png?1516080211,2589,Ajio
83275,Get Flat 30% OFF on Arata Ultra Moisturizing Body Care Combos,Arata,Health & Beauty,,,,https://linksredirect.com/?pub_id=41826&url=https://www.arata.in/products/arata-ultra-moisturizing-body-care-combo,live,2020-12-18,2020-12-31,18/12/2020,https://cdn0.cuelinks.com/campaigns/3891/original/Arata.png?1568799265,3891,Arata
83276,Enjoy 30% OFF on Arata Soothing Face Spa Kit,Arata,Health & Beauty,,,,https://linksredirect.com/?pub_id=41826&url=https://www.arata.in/products/arata-soothing-face-spa-kit-for-dry-skin,live,2020-12-18,2020-12-31,18/12/2020,https://cdn0.cuelinks.com/campaigns/3891/original/Arata.png?1568799265,3891,Arata
83277,Get 30% OFF on Arata Scalp Therapy Combos,Arata,Health & Beauty,,,,https://linksredirect.com/?pub_id=41826&url=https://www.arata.in/products/arata-restorative-scalp-therapy-combo-for-dry-damaged-hair,live,2020-12-18,2020-12-31,18/12/2020,https://cdn0.cuelinks.com/campaigns/3891/original/Arata.png?1568799265,3891,Arata
83278,Grab Flat 30% OFF on Arata Moisture Seal Anti Frizz Hair Styling Combos,Arata,Health & Beauty,,,,https://linksredirect.com/?pub_id=41826&url=https://www.arata.in/products/arata-moisture-seal-anti-frizz-hair-styling-combo,live,2020-12-18,2020-12-31,18/12/2020,https://cdn0.cuelinks.com/campaigns/3891/original/Arata.png?1568799265,3891,Arata
83279,Buy Arata Winter Detox Face care Regime Combos,Arata,Health & Beauty,,,,https://linksredirect.com/?pub_id=41826&url=https://www.arata.in/products/arata-winter-detox-face-care-regime,live,2020-12-18,2020-12-31,18/12/2020,https://cdn0.cuelinks.com/campaigns/3891/original/Arata.png?1568799265,3891,Arata
83280,Enjoy 30% OFF on Winter Detox Gift Set,Arata,Health & Beauty,,,,https://linksredirect.com/?pub_id=41826&url=https://www.arata.in/products/arata-winter-detox-gift-set,live,2020-12-18,2020-12-31,18/12/2020,https://cdn0.cuelinks.com/campaigns/3891/original/Arata.png?1568799265,3891,Arata
83292,Get Flat 30% OFF on ThePhyLife Sitewide for New Years Eve,The Phy Life,Health & Beauty,,,,https://linksredirect.com/?pub_id=41826&url=https://thephylife.com/,live,2020-12-18,2020-12-31,18/12/2020,https://cdn0.cuelinks.com/campaigns/3961/original/Men_Phy.png?1581336341,3961,The Phy Life
83293,Get Flat 75% OFF on all Udacity Courses,Udacity,Others,,,LASTCHANCE2020,https://linksredirect.com/?pub_id=41826&url=https://www.udacity.com/,live,2020-12-18,2020-12-31,18/12/2020,https://cdn0.cuelinks.com/campaigns/4069/original/uadacity.png?1590048307,4069,Udacity
83294,Get Flat $50 OFF on Nanodegree Program,Udacity,Others,,,UDACAFFIL2020,https://linksredirect.com/?pub_id=41826&url=https://www.udacity.com/,live,2020-12-18,2020-12-31,18/12/2020,https://cdn0.cuelinks.com/campaigns/4069/original/uadacity.png?1590048307,4069,Udacity
83295,"Get Upto 40% OFF on Watches, Accessories & Many More at Fossil YEAR END SALE",Fossil,Fashion,,,,https://linksredirect.com/?pub_id=41826&url=https://www.fossil.com/en-in/,live,2020-12-18,2020-12-31,18/12/2020,https://cdn0.cuelinks.com/campaigns/3880/original/Fossil.png?1567762651,3880,Fossil
83296,Get Upto 60% OFF on Handpicked Collection Super Sale,Indian Gifts Portal,Fashion,,,,https://linksredirect.com/?pub_id=41826&url=https://www.igp.com/sale,live,2020-12-18,2020-12-31,18/12/2020,https://cdn0.cuelinks.com/campaigns/1850/original/Indian-Gifts-Portal.png?1488869947,1850,Indian Gifts Portal
83300,Get 6% GNC CASH on every Guardian order,Guardian IN,Health & Beauty,,,GNCCASH6,https://linksredirect.com/?pub_id=41826&url=https://www.guardian.in/,live,2020-12-18,2020-12-31,18/12/2020,https://cdn0.cuelinks.com/campaigns/3563/original/Guardian.png?1594119642,3563,Guardian
83301,Get Flat INR 200 OFF on Guardian your GNC first order,Guardian IN,Health & Beauty,,,,https://linksredirect.com/?pub_id=41826&url=https://www.guardian.in/,live,2020-12-18,2020-12-31,18/12/2020,https://cdn0.cuelinks.com/campaigns/3563/original/Guardian.png?1594119642,3563,Guardian
83302,Sale on Kitchen Appliances,Amazon India,Home & Kitchen,,,,https://linksredirect.com/?pub_id=41826&url=https://www.amazon.in/s?k=Kitchen+Appliances&ref=nb_sb_noss_2,live,2020-12-21,2020-12-31,21/12/2020,https://cdn0.cuelinks.com/campaigns/817/original/Amazon.in__Online_Shopping_for_Books__Kindle_E_Readers__Kindle_accessories__E_Books_and_Movies___TV.png?1371175177,817,Amazon India
83303,Sale on Grocery & Gourmet,Amazon India,Food & Grocery,,,,https://linksredirect.com/?pub_id=41826&url=https://www.amazon.in/s?k=Grocery+%26+Gourmet&ref=nb_sb_noss_2,live,2020-12-21,2020-12-31,21/12/2020,https://cdn0.cuelinks.com/campaigns/817/original/Amazon.in__Online_Shopping_for_Books__Kindle_E_Readers__Kindle_accessories__E_Books_and_Movies___TV.png?1371175177,817,Amazon India
83304,Sale on Mobile Accessories,Amazon India,Electronics,,,,https://linksredirect.com/?pub_id=41826&url=https://www.amazon.in/s?k=Mobile+Accessories&ref=nb_sb_noss_2,live,2020-12-21,2020-12-31,21/12/2020,https://cdn0.cuelinks.com/campaigns/817/original/Amazon.in__Online_Shopping_for_Books__Kindle_E_Readers__Kindle_accessories__E_Books_and_Movies___TV.png?1371175177,817,Amazon India
83305,Sale on Personal Health Care,Flipkart,Health & Beauty,,,,https://linksredirect.com/?pub_id=41826&url=https://www.flipkart.com/search?q=Personal%20Health%20Care&otracker=search&otracker1=search&marketplace=FLIPKART&as-show=on&as=off,live,2020-12-21,2020-12-31,21/12/2020,https://cdn0.cuelinks.com/campaigns/1/original/Flipkart_logo.jpg?1433139772,1,Flipkart
83306,Sale on Home Decor Products,Flipkart,Home & Kitchen,,,,https://linksredirect.com/?pub_id=41826&url=https://www.flipkart.com/search?q=Home%20Decor&otracker=search&otracker1=search&marketplace=FLIPKART&as-show=on&as=off,live,2020-12-21,2020-12-31,21/12/2020,https://cdn0.cuelinks.com/campaigns/1/original/Flipkart_logo.jpg?1433139772,1,Flipkart
83307,Sale on Cookware Appliances,Flipkart,Home & Kitchen,,,,https://linksredirect.com/?pub_id=41826&url=https://www.flipkart.com/search?q=Cookware&otracker=search&otracker1=search&marketplace=FLIPKART&as-show=on&as=off,live,2020-12-21,2020-12-31,21/12/2020,https://cdn0.cuelinks.com/campaigns/1/original/Flipkart_logo.jpg?1433139772,1,Flipkart
83311,Flat 50% off Store,Ajio,Fashion,,,,https://linksredirect.com/?pub_id=41826&url=https://www.ajio.com/s/up-to-50-percent-off-3999-50621,live,2020-12-21,2020-12-31,21/12/2020,https://cdn0.cuelinks.com/campaigns/2589/original/Ajio.png?1516080211,2589,Ajio
83312,Under Rs.599 Store,Ajio,Fashion,,,,https://linksredirect.com/?pub_id=41826&url=https://www.ajio.com/s/mhp-under-rs-599-4005-54651,live,2020-12-21,2020-12-31,21/12/2020,https://cdn0.cuelinks.com/campaigns/2589/original/Ajio.png?1516080211,2589,Ajio
83313,Get upto 70%-80% off on Clearance Sale,Ajio,Fashion,,,,https://linksredirect.com/?pub_id=41826&url=https://www.ajio.com/s/70-to-80-percent-off-4182-49301,live,2020-12-21,2020-12-31,21/12/2020,https://cdn0.cuelinks.com/campaigns/2589/original/Ajio.png?1516080211,2589,Ajio
83317,Spotless Skin Combo: Ubtan Facewash - 100ml + Bye Bye Blemishes Face Cream - 30ml Just Rs.679,Mama Earth,Health & Beauty,,,,https://linksredirect.com/?pub_id=41826&url=https://mamaearth.in/product/spotless-skin-combo,live,2020-12-21,2020-12-31,21/12/2020,https://cdn0.cuelinks.com/campaigns/3787/original/Mamaearth.png?1555390334,3787,Mama Earth
83320,Get flat 75% off on all Udacity Courses,Udacity,Others,,,LASTCHANCE2020,https://linksredirect.com/?pub_id=41826&url=https://www.udacity.com/,live,2020-12-21,2020-12-31,21/12/2020,https://cdn0.cuelinks.com/campaigns/4069/original/uadacity.png?1590048307,4069,Udacity
83321,Get flat $50 off on off Nanodegree Program,Udacity,Others,,,UDACAFFIL2020,https://linksredirect.com/?pub_id=41826&url=https://www.udacity.com/,live,2020-12-21,2020-12-31,21/12/2020,https://cdn0.cuelinks.com/campaigns/4069/original/uadacity.png?1590048307,4069,Udacity
83322,Tommy Hilfiger 20-40% off,Tata Cliq,Fashion,,,,https://linksredirect.com/?pub_id=41826&url=https://www.tatacliq.com,live,2020-12-21,2020-12-31,21/12/2020,https://cdn0.cuelinks.com/campaigns/2588/original/tata.png?1495706199,2588,Tata Cliq
83323,Kenneth Cole 20-40% Off,Tata Cliq,Fashion,,,,https://linksredirect.com/?pub_id=41826&url=https://www.tatacliq.com,live,2020-12-21,2020-12-31,21/12/2020,https://cdn0.cuelinks.com/campaigns/2588/original/tata.png?1495706199,2588,Tata Cliq
83324,Casio Upto 40% Off,Tata Cliq,Fashion,,,,https://linksredirect.com/?pub_id=41826&url=https://www.tatacliq.com,live,2020-12-21,2020-12-31,21/12/2020,https://cdn0.cuelinks.com/campaigns/2588/original/tata.png?1495706199,2588,Tata Cliq
83325,Ferrari Upto 60% Off,Tata Cliq,Fashion,,,,https://linksredirect.com/?pub_id=41826&url=https://www.tatacliq.com,live,2020-12-21,2020-12-31,21/12/2020,https://cdn0.cuelinks.com/campaigns/2588/original/tata.png?1495706199,2588,Tata Cliq
83326,Daniel Wellington Upto 25% Off,Tata Cliq,Fashion,,,,https://linksredirect.com/?pub_id=41826&url=https://www.tatacliq.com,live,2020-12-21,2020-12-31,21/12/2020,https://cdn0.cuelinks.com/campaigns/2588/original/tata.png?1495706199,2588,Tata Cliq
83327,French Connection Upto 60% Off,Tata Cliq,Fashion,,,,https://linksredirect.com/?pub_id=41826&url=https://www.tatacliq.com,live,2020-12-21,2020-12-31,21/12/2020,https://cdn0.cuelinks.com/campaigns/2588/original/tata.png?1495706199,2588,Tata Cliq
83328,Giordano Upto 70% Off,Tata Cliq,Fashion,,,,https://linksredirect.com/?pub_id=41826&url=https://www.tatacliq.com,live,2020-12-21,2020-12-31,21/12/2020,https://cdn0.cuelinks.com/campaigns/2588/original/tata.png?1495706199,2588,Tata Cliq
83371,Enjoy 30% off on purchase of any 4 products,The Body Shop,Health & Beauty,,,,https://linksredirect.com/?pub_id=41826&url=https://www.thebodyshop.in/30-on-4.html,live,2020-12-28,2020-12-31,28/12/2020,https://cdn0.cuelinks.com/campaigns/2143/original/The-Body-Shop.png?1488877103,2143,The Body Shop
83372,Get flat 25% off on Gift Packs,The Body Shop,Health & Beauty,,,,https://linksredirect.com/?pub_id=41826&url=https://www.thebodyshop.in/gifts/occassion/christmas-gift.html,live,2020-12-28,2020-12-31,28/12/2020,https://cdn0.cuelinks.com/campaigns/2143/original/The-Body-Shop.png?1488877103,2143,The Body Shop
83373,Buy 2 Plants and Get 1 free,Nurserylive,Others,,,BTGOPLANT,https://linksredirect.com/?pub_id=41826&url=https://nurserylive.com/,live,2020-12-28,2020-12-31,28/12/2020,https://cdn0.cuelinks.com/campaigns/3830/original/NurseryLive.png?1559906987,3830,Nursery Live
83374,Buy 4 Plants and Get 2 Plants free,Nurserylive,Others,,,BFGTPLANT,https://linksredirect.com/?pub_id=41826&url=https://nurserylive.com/,live,2020-12-28,2020-12-31,28/12/2020,https://cdn0.cuelinks.com/campaigns/3830/original/NurseryLive.png?1559906987,3830,Nursery Live
83329,Book a Domestic Flight and get Upto INR 2000 Cashback on Cleartrip Year End Sale,Cleartrip,Others,,Book a domestic flight online or on the Cleartrip mobile app,CTFLY,https://linksredirect.com/?pub_id=41826&url=https://www.cleartrip.com/offers/india/domair-ctfly,live,2020-12-23,2020-12-31,23/12/2020,https://cdn0.cuelinks.com/campaigns/29/original/cleartrip_logo_medium.gif?1342766947,29,Cleartrip
83330,Get Upto INR 1200 Instant Discount with Bank of Baroda Credit Card on Cleartrip Domestic Flights & Hotels Bookings,Cleartrip,Others,,Valid for transactions made on every Thursday,CTBOB20,https://linksredirect.com/?pub_id=41826&url=https://www.cleartrip.com/offers/india/bank-of-baroda-Thursday,live,2020-12-23,2020-12-31,23/12/2020,https://cdn0.cuelinks.com/campaigns/29/original/cleartrip_logo_medium.gif?1342766947,29,Cleartrip
83331,Get Upto INR 2800 instant savings Every Friday on Domestic Flights & Hotels Bookings with HSBC Credit Cards,Cleartrip,Others,,Domestic One-way/ Roundtrip Flights &amp; Hotels,CTHSBCFRIDAY,https://linksredirect.com/?pub_id=41826&url=https://www.cleartrip.com/offers/india/hsbc-fantastic-fridays,live,2020-12-23,2020-12-31,23/12/2020,https://cdn0.cuelinks.com/campaigns/29/original/cleartrip_logo_medium.gif?1342766947,29,Cleartrip
83332,Grab Upto INR 12000 Cashback on Cleartrip International Flight Bookings,Cleartrip,Others,,,INT2020,https://linksredirect.com/?pub_id=41826&url=https://www.cleartrip.com/offers/india/festive-air-offer,live,2020-12-23,2020-12-31,23/12/2020,https://cdn0.cuelinks.com/campaigns/29/original/cleartrip_logo_medium.gif?1342766947,29,Cleartrip
83333,Buy 2 & Get 1 FREE on Jiva KnockOut Offer,Jiva Ayurveda,Health & Beauty,,,,https://linksredirect.com/?pub_id=41826&url=https://store.jiva.com/categories/buy-2-get-1-free/,live,2020-12-23,2020-12-31,23/12/2020,https://cdn0.cuelinks.com/campaigns/3953/original/Jiva_Aurveda.png?1579176383,3953,Jiva Ayurveda
83334,Buy 2 - 25% OFF at Jiva KnockOut Offer,Jiva Ayurveda,Health & Beauty,,,,https://linksredirect.com/?pub_id=41826&url=https://store.jiva.com/,live,2020-12-23,2020-12-31,23/12/2020,https://cdn0.cuelinks.com/campaigns/3953/original/Jiva_Aurveda.png?1579176383,3953,Jiva Ayurveda
83335,Get FREE TELECONSULTATION with Jiva Doctor on orders above INR 899,Jiva Ayurveda,Health & Beauty,,Applicable on all products,,https://linksredirect.com/?pub_id=41826&url=https://store.jiva.com/,live,2020-12-23,2020-12-31,23/12/2020,https://cdn0.cuelinks.com/campaigns/3953/original/Jiva_Aurveda.png?1579176383,3953,Jiva Ayurveda
83336,Get Upto 40% OFF on Garden Kits,Nurserylive,Others,,,,https://linksredirect.com/?pub_id=41826&url=https://nurserylive.com/collections/garden-kits,live,2020-12-23,2020-12-31,23/12/2020,https://cdn0.cuelinks.com/campaigns/3830/original/NurseryLive.png?1559906987,3830,Nursery Live
83338,Get Flat 30% OFF on ThePhyLife Sitewide for New Years Eve,The Phy Life,Health & Beauty,,,,https://linksredirect.com/?pub_id=41826&url=https://thephylife.com/,live,2020-12-23,2020-12-31,23/12/2020,https://cdn0.cuelinks.com/campaigns/3961/original/Men_Phy.png?1581336341,3961,The Phy Life
83341,Get Upto 70% OFF on Exclusive Gifts,Fernsnpetals,Fashion,,,,https://linksredirect.com/?pub_id=41826&url=https://www.fnp.com/gifts-offers?promo=exit-wecampaign_discount,live,2020-12-23,2020-12-31,23/12/2020,https://cdn0.cuelinks.com/campaigns/53/original/Ferns-N-Petals.png?1501826142,53,Fernsnpetals
83345,Get Upto 40% OFF on Best Selling Laptops,Tata Cliq,Electronics,,,,https://linksredirect.com/?pub_id=41826&url=https://www.tatacliq.com/electronics-laptop/c-msh1223?&icid2=hero:hbr:main:hmp:m1223:mulb:best:02:R4:clp:bx:010,live,2020-12-23,2020-12-31,23/12/2020,https://cdn0.cuelinks.com/campaigns/2588/original/tata.png?1495706199,2588,Tata Cliq
83346,Grab Washing Machines Starting Rs.7990,Tata Cliq,Electronics,,,,https://linksredirect.com/?pub_id=41826&url=https://www.tatacliq.com/electronics-large-appliances-washing-machine/c-msh1214103?&icid2=hero:hbr:main:hmp:m1214103:mulb:best:04:R4:clp:bx:010,live,2020-12-23,2020-12-31,23/12/2020,https://cdn0.cuelinks.com/campaigns/2588/original/tata.png?1495706199,2588,Tata Cliq
83347,Get Upto 85% OFF on Personal Care,Tata Cliq,Electronics,,,,https://linksredirect.com/?pub_id=41826&url=https://www.tatacliq.com/electronics-personal-care/c-msh1236?q=:relevance:category:MSH1236&icid2=cate:tsb:main:hmp:m12:mulb:best:03:R25:clp:bx:001,live,2020-12-23,2020-12-31,23/12/2020,https://cdn0.cuelinks.com/campaigns/2588/original/tata.png?1495706199,2588,Tata Cliq
83356,Flat 20% on 5 innerwear + Curated Giftbox with 2 Freebies on Prepaid Orders,Almo Wear,Fashion,,,CX10,https://linksredirect.com/?pub_id=41826&url=https://almowear.com/,live,2020-12-23,2020-12-31,23/12/2020,https://cdn0.cuelinks.com/campaigns/4131/original/New_Project_%288%29_%281%29.png?1596003287,4131,Almo Wear
83358,Get upto 70% off on Men Clothing,Amazon India,Fashion,,,,https://linksredirect.com/?pub_id=41826&url=https://www.amazon.in/s/ref=mega_sv_s23_2_1_1_1?rh=i%3Aapparel%2Cn%3A1968024031&ie=UTF8&lo=apparel&pf_rd_r=B2A8DPP8QSTCFNBDDZZM&pf_rd_p=2a2fd643-fbc7-427a-8d53-bac420d41cc1&pd_rd_r=4222d76d-96dd-4b16-9bee-17aec7f03dec&pd_rd_w=9K4b4&pd_rd_wg=zYGrk&ref_=pd_gw_unk,live,2020-12-28,2020-12-31,28/12/2020,https://cdn0.cuelinks.com/campaigns/817/original/Amazon.in__Online_Shopping_for_Books__Kindle_E_Readers__Kindle_accessories__E_Books_and_Movies___TV.png?1371175177,817,Amazon India
83359,Sale on Office & Stationery,Amazon India,Others,,,,https://linksredirect.com/?pub_id=41826&url=https://www.amazon.in/s?k=Office+%26+Stationery&ref=nb_sb_noss_2,live,2020-12-28,2020-12-31,28/12/2020,https://cdn0.cuelinks.com/campaigns/817/original/Amazon.in__Online_Shopping_for_Books__Kindle_E_Readers__Kindle_accessories__E_Books_and_Movies___TV.png?1371175177,817,Amazon India
83360,Sale on Kitchen Appliances,Amazon India,Home & Kitchen,,,,https://linksredirect.com/?pub_id=41826&url=https://www.amazon.in/s?k=Kitchen+Appliances&ref=nb_sb_noss_2,live,2020-12-28,2020-12-31,28/12/2020,https://cdn0.cuelinks.com/campaigns/817/original/Amazon.in__Online_Shopping_for_Books__Kindle_E_Readers__Kindle_accessories__E_Books_and_Movies___TV.png?1371175177,817,Amazon India
83361,Get upto 40% off on Best Selling Laptops,Flipkart,Electronics,,,,https://linksredirect.com/?pub_id=41826&url=https://www.flipkart.com/offers-list/content?screen=dynamic&pk=themeViews%3DFES-Laptops%3AAPP%2CFES-Laptops%3ADT%7EwidgetType%3DdealCard%7EcontentType%3Dneo&wid=2.dealCard.OMU&otracker=hp_bannerads_1_3.bannerAdCard.BANNERADS_Best%2BSelling%2BLaptops%2BFES_MCWEZYHRX7D4,live,2020-12-28,2020-12-31,28/12/2020,https://cdn0.cuelinks.com/campaigns/1/original/Flipkart_logo.jpg?1433139772,1,Flipkart
83362,Sale on Grocery,Flipkart,Food & Grocery,,,,https://linksredirect.com/?pub_id=41826&url=https://www.flipkart.com/search?q=Grocery&otracker=search&otracker1=search&marketplace=FLIPKART&as-show=on&as=off,live,2020-12-28,2020-12-31,28/12/2020,https://cdn0.cuelinks.com/campaigns/1/original/Flipkart_logo.jpg?1433139772,1,Flipkart
83363,Sale on Personal Care Products,Flipkart,Health & Beauty,,,,https://linksredirect.com/?pub_id=41826&url=https://www.flipkart.com/search?q=Personal%20Care&otracker=search&otracker1=search&marketplace=FLIPKART&as-show=on&as=off,live,2020-12-28,2020-12-31,28/12/2020,https://cdn0.cuelinks.com/campaigns/1/original/Flipkart_logo.jpg?1433139772,1,Flipkart
83364,Get Flat 70% off Store,Myntra,Fashion,,,,https://linksredirect.com/?pub_id=41826&url=https://www.myntra.com/flat-70-sale,live,2020-12-28,2020-12-29,28/12/2020,https://cdn0.cuelinks.com/campaigns/101/original/Myntra.png?1491896562,101,Myntra
83365,Get Flat 60% off Store,Myntra,Fashion,,,,https://linksredirect.com/?pub_id=41826&url=https://www.myntra.com/flat-60-sale,live,2020-12-28,2020-12-29,28/12/2020,https://cdn0.cuelinks.com/campaigns/101/original/Myntra.png?1491896562,101,Myntra
83366,Get Flat 50% off Store,Myntra,Fashion,,,,https://linksredirect.com/?pub_id=41826&url=https://www.myntra.com/flat-50-sale,live,2020-12-28,2020-12-29,28/12/2020,https://cdn0.cuelinks.com/campaigns/101/original/Myntra.png?1491896562,101,Myntra
83367,Get Flat Rs.400 off Store,Myntra,Fashion,,New User Offer,,https://linksredirect.com/?pub_id=41826&url=https://www.myntra.com/welcome-to-myntra,live,2020-12-28,2020-12-29,28/12/2020,https://cdn0.cuelinks.com/campaigns/101/original/Myntra.png?1491896562,101,Myntra
83368,Under Rs.399 Store,Myntra,Fashion,,,,https://linksredirect.com/?pub_id=41826&url=https://www.myntra.com/under-399?plaEnabled=false&rf=Price%3A40.0_399.0_40.0%20TO%20399.0,live,2020-12-28,2020-12-29,28/12/2020,https://cdn0.cuelinks.com/campaigns/101/original/Myntra.png?1491896562,101,Myntra
83369,Buy 1 get 1 Free Store,Myntra,Fashion,,,,https://linksredirect.com/?pub_id=41826&url=https://www.myntra.com/online-fashion-store?f=Offers:Buy+1+Get+1TD,live,2020-12-28,2020-12-29,28/12/2020,https://cdn0.cuelinks.com/campaigns/101/original/Myntra.png?1491896562,101,Myntra
83370,Get flat 50% off on Bodyshop Year End Treat,The Body Shop,Health & Beauty,,,,https://linksredirect.com/?pub_id=41826&url=https://www.thebodyshop.in/year-end-treat-50.html,live,2020-12-28,2020-12-31,28/12/2020,https://cdn0.cuelinks.com/campaigns/2143/original/The-Body-Shop.png?1488877103,2143,The Body Shop
